device_id,timestamp,temp_c,humidity,battery_v,status
SH-009,2026-09-24T02:08:00,19.77,44.3,3.5,offline
SH-008,2026-09-24T18:34:00,24.77,41.6,3.9,offline
SH-006,2026-09-24T15:42:00,22.1,51.4,3.6,offline
SH-009,2026-09-24T10:31:00,21.15,43.1,3.75,online
SH-002,2026-09-24T10:23:00,21.68,42.5,3.59,idle
SH-010,2026-09-24T20:36:00,22.67,45.8,3.6,idle
SH-009,2026-09-24T02:03:00,23.85,58.6,3.51,online
SH-006,2026-09-24T16:44:00,19.0,34.3,3.62,online
SH-008,2026-09-24T04:50:00,18.88,51.2,3.65,online
SH-006,2026-09-24T02:15:00,25.31,29.9,3.48,offline
SH-003,2026-09-24T12:38:00,20.76,46.7,3.58,idle
SH-008,2026-09-24T23:24:00,17.75,57.6,3.51,online
SH-003,2026-09-24T17:39:00,23.33,48.9,3.94,offline
SH-004,2026-09-24T18:16:00,23.39,46.4,3.59,offline
SH-006,2026-09-24T17:13:00,17.41,40.5,3.83,offline
SH-009,2026-09-24T18:51:00,22.69,45.2,3.57,offline
SH-004,2026-09-24T12:19:00,24.21,43.0,3.64,offline
SH-005,2026-09-24T03:04:00,23.12,38.7,3.4,online
SH-001,2026-09-24T20:09:00,23.9,42.7,3.53,offline
SH-002,2026-09-24T10:48:00,17.79,46.6,3.63,idle
SH-001,2026-09-24T12:00:00,22.99,38.9,3.84,idle
SH-001,2026-09-24T08:53:00,21.09,38.5,3.63,idle
SH-009,2026-09-24T04:22:00,20.55,34.1,3.81,idle
SH-009,2026-09-24T22:14:00,24.61,48.1,3.7,idle
SH-009,2026-09-24T18:45:00,26.44,49.4,3.84,offline
SH-001,2026-09-24T15:27:00,27.38,46.9,3.59,online
SH-001,2026-09-24T09:39:00,25.94,52.7,3.96,online
SH-003,2026-09-24T19:44:00,21.67,45.7,3.53,online
SH-006,2026-09-24T13:05:00,23.06,48.1,3.49,offline
SH-004,2026-09-24T10:38:00,24.3,47.4,3.42,idle
SH-005,2026-09-24T10:48:00,22.36,44.3,3.95,idle
SH-002,2026-09-24T05:27:00,22.39,40.8,3.72,idle
SH-008,2026-09-24T02:12:00,24.47,62.7,3.55,idle
SH-004,2026-09-24T13:18:00,21.82,41.4,3.79,idle
SH-001,2026-09-24T21:18:00,19.81,39.7,3.7,online
SH-008,2026-09-24T01:31:00,20.76,48.5,3.89,online
SH-010,2026-09-24T20:35:00,23.9,47.0,3.37,offline
SH-001,2026-09-24T19:51:00,22.01,33.8,3.56,idle
SH-005,2026-09-24T06:38:00,23.02,54.0,3.53,online
SH-009,2026-09-24T15:09:00,24.01,44.2,3.3,idle
SH-008,2026-09-24T03:57:00,20.88,36.1,3.76,idle
SH-009,2026-09-24T18:11:00,24.27,54.5,3.56,online
SH-005,2026-09-24T16:48:00,23.14,50.0,3.71,online
SH-004,2026-09-24T08:30:00,18.3,34.9,3.95,offline
SH-008,2026-09-24T01:37:00,26.33,59.2,3.55,online
SH-002,2026-09-24T23:17:00,20.5,50.3,3.54,online
SH-003,2026-09-24T10:41:00,17.03,44.9,3.62,idle
SH-007,2026-09-24T21:26:00,18.86,57.7,3.75,idle
SH-007,2026-09-24T16:16:00,18.94,46.3,3.51,offline
SH-002,2026-09-24T18:40:00,22.16,44.8,3.51,offline
SH-006,2026-09-24T18:14:00,21.18,39.7,3.76,online
SH-004,2026-09-24T04:40:00,20.99,49.7,3.66,idle
SH-006,2026-09-24T08:44:00,23.86,48.8,3.29,online
SH-010,2026-09-24T11:12:00,23.02,45.1,3.42,idle
SH-001,2026-09-24T11:56:00,22.95,38.7,3.83,online
SH-010,2026-09-24T01:03:00,23.23,46.0,3.66,online
SH-005,2026-09-24T13:07:00,23.85,44.4,3.49,offline
SH-008,2026-09-24T03:42:00,15.68,34.3,3.57,online
SH-005,2026-09-24T17:50:00,20.91,33.2,3.6,idle
SH-004,2026-09-24T16:23:00,15.46,49.5,3.71,online
SH-008,2026-09-24T22:08:00,22.11,24.2,3.4,offline
SH-007,2026-09-24T17:52:00,21.99,46.6,3.47,offline
SH-002,2026-09-24T08:47:00,25.14,41.2,3.64,idle
SH-008,2026-09-24T23:13:00,25.56,55.5,3.59,offline
SH-008,2026-09-24T09:51:00,22.61,41.1,3.69,idle
SH-004,2026-09-24T07:49:00,20.5,50.3,3.42,online
SH-010,2026-09-24T21:43:00,23.46,41.8,3.65,online
SH-007,2026-09-24T08:53:00,20.42,45.9,3.76,online
SH-004,2026-09-24T01:49:00,22.0,50.9,3.67,online
SH-001,2026-09-24T11:16:00,24.96,41.3,3.62,online
SH-007,2026-09-24T19:05:00,20.33,53.0,3.59,online
SH-003,2026-09-24T04:32:00,24.42,37.1,3.47,idle
SH-008,2026-09-24T11:06:00,24.03,47.4,3.59,online
SH-006,2026-09-24T03:07:00,19.14,52.4,3.79,idle
SH-005,2026-09-24T16:28:00,24.92,50.3,3.58,idle
SH-002,2026-09-24T11:25:00,24.1,60.3,3.47,offline
SH-008,2026-09-24T07:55:00,22.31,38.9,3.53,idle
SH-002,2026-09-24T05:26:00,19.71,34.0,3.63,offline
SH-005,2026-09-24T13:32:00,19.42,37.0,3.54,idle
SH-009,2026-09-24T16:04:00,20.39,50.3,3.67,online
SH-010,2026-09-24T22:34:00,23.63,49.0,3.68,idle
SH-010,2026-09-24T10:29:00,19.13,45.8,3.73,idle
SH-010,2026-09-24T03:51:00,23.31,36.0,3.81,idle
SH-006,2026-09-24T19:59:00,18.27,51.1,3.75,idle
SH-003,2026-09-24T15:06:00,21.39,35.2,3.46,idle
SH-009,2026-09-24T16:48:00,22.33,54.3,3.46,online
SH-009,2026-09-24T02:20:00,29.34,67.9,3.59,online
SH-010,2026-09-24T07:29:00,17.87,47.9,3.53,offline
SH-007,2026-09-24T18:25:00,26.42,49.7,3.43,offline
SH-002,2026-09-24T19:58:00,22.45,41.1,3.53,online
SH-006,2026-09-24T10:26:00,23.23,30.5,3.53,offline
SH-005,2026-09-24T19:18:00,22.36,40.2,3.5,offline
SH-009,2026-09-24T20:12:00,23.33,36.3,3.55,online
SH-004,2026-09-24T09:17:00,21.54,33.4,3.78,offline
SH-004,2026-09-24T21:33:00,26.36,58.8,3.63,idle
SH-001,2026-09-24T06:55:00,20.63,47.2,3.97,offline
SH-009,2026-09-24T05:44:00,25.4,48.0,3.63,idle
SH-008,2026-09-24T16:22:00,20.07,42.5,3.56,idle
SH-001,2026-09-24T15:16:00,21.82,43.6,3.6,online
SH-005,2026-09-24T03:21:00,18.78,52.7,3.64,online
SH-005,2026-09-24T19:59:00,23.37,44.7,3.67,idle
SH-005,2026-09-24T04:47:00,26.34,49.2,3.91,offline
SH-010,2026-09-24T19:19:00,21.77,43.4,3.47,offline
SH-002,2026-09-24T00:10:00,21.41,42.3,3.73,offline
SH-004,2026-09-24T19:07:00,18.66,33.7,3.63,idle
SH-002,2026-09-24T18:53:00,21.31,29.2,3.36,idle
SH-003,2026-09-24T18:43:00,17.22,42.9,3.72,idle
SH-010,2026-09-24T15:57:00,19.26,45.5,3.79,offline
SH-010,2026-09-24T11:19:00,22.68,34.7,3.47,online
SH-001,2026-09-24T16:55:00,25.96,44.7,3.6,online
SH-007,2026-09-24T06:39:00,30.43,45.4,3.34,offline
SH-003,2026-09-24T18:44:00,20.24,27.8,3.41,idle
SH-002,2026-09-24T13:20:00,26.31,37.7,3.76,idle
SH-003,2026-09-24T11:00:00,22.73,48.3,3.53,offline
SH-002,2026-09-24T12:08:00,21.55,48.1,3.43,offline
SH-005,2026-09-24T13:38:00,23.3,35.8,3.63,online
SH-010,2026-09-24T00:53:00,22.19,46.3,3.52,idle
SH-006,2026-09-24T03:21:00,22.33,53.2,3.53,idle
SH-008,2026-09-24T05:53:00,20.78,51.2,3.71,offline
SH-005,2026-09-24T02:44:00,17.81,44.2,3.43,offline
SH-001,2026-09-24T10:33:00,17.37,41.3,3.46,idle
SH-001,2026-09-24T16:02:00,23.96,40.0,3.62,offline
SH-003,2026-09-24T15:42:00,21.17,48.7,3.75,idle
SH-003,2026-09-24T11:18:00,20.21,46.6,3.79,offline
SH-009,2026-09-24T20:31:00,22.03,50.0,3.5,idle
SH-009,2026-09-24T13:33:00,24.38,46.1,3.74,idle
SH-009,2026-09-24T01:54:00,22.54,51.6,3.48,idle
SH-007,2026-09-24T18:21:00,20.03,45.8,3.87,offline
SH-006,2026-09-24T13:47:00,25.68,51.3,3.43,idle
SH-007,2026-09-24T15:13:00,26.74,52.0,3.8,online
SH-005,2026-09-24T13:34:00,23.48,38.6,3.5,online
SH-007,2026-09-24T13:17:00,24.92,30.5,3.9,idle
SH-008,2026-09-24T02:10:00,25.73,57.3,3.69,offline
SH-008,2026-09-24T13:25:00,25.39,47.1,3.45,idle
SH-007,2026-09-24T19:04:00,23.84,31.3,3.52,idle
SH-001,2026-09-24T07:17:00,23.8,39.3,3.72,offline
SH-008,2026-09-24T14:28:00,23.56,51.2,3.76,idle
SH-004,2026-09-24T00:44:00,18.71,42.8,3.59,offline
SH-008,2026-09-24T08:20:00,24.1,40.9,3.61,idle
SH-006,2026-09-24T10:28:00,17.93,56.2,3.71,offline
SH-009,2026-09-24T23:35:00,19.62,36.6,3.62,offline
SH-004,2026-09-24T05:09:00,25.91,38.6,3.41,idle
SH-010,2026-09-24T06:38:00,24.52,46.7,3.48,online
SH-009,2026-09-24T09:48:00,26.46,48.1,3.64,idle
SH-004,2026-09-24T23:49:00,21.18,49.0,3.78,online
SH-005,2026-09-24T20:28:00,18.54,52.3,3.84,idle
SH-006,2026-09-24T00:49:00,21.28,46.6,3.72,online
SH-008,2026-09-24T05:36:00,22.31,48.9,3.64,idle
SH-007,2026-09-24T19:43:00,22.24,42.9,3.71,idle
SH-009,2026-09-24T01:23:00,25.4,45.5,3.5,online
SH-004,2026-09-24T20:32:00,20.92,45.9,3.58,online
SH-006,2026-09-24T06:45:00,23.06,46.7,3.48,idle
SH-005,2026-09-24T22:01:00,19.03,51.2,3.41,online
SH-010,2026-09-24T07:02:00,23.35,49.4,3.65,offline
SH-004,2026-09-24T10:25:00,22.01,45.4,3.63,offline
SH-006,2026-09-24T15:53:00,19.75,38.5,3.7,offline
SH-002,2026-09-24T03:01:00,21.29,45.5,3.68,online
SH-009,2026-09-24T13:22:00,21.45,44.8,3.64,offline
SH-004,2026-09-24T12:07:00,21.19,46.5,3.68,idle
SH-004,2026-09-24T18:48:00,27.31,62.7,3.59,idle
SH-006,2026-09-24T23:54:00,21.7,40.8,3.66,online
SH-005,2026-09-24T15:56:00,21.27,48.4,3.49,idle
SH-009,2026-09-24T09:49:00,15.71,53.5,3.66,offline
SH-006,2026-09-24T09:45:00,19.32,45.8,3.7,online
SH-006,2026-09-24T10:01:00,21.21,63.7,3.5,online
SH-002,2026-09-24T19:32:00,19.94,42.0,3.61,idle
SH-001,2026-09-24T07:42:00,26.15,47.6,3.51,idle
SH-004,2026-09-24T04:00:00,21.51,38.6,3.52,idle
SH-010,2026-09-24T08:01:00,25.87,42.2,3.43,idle
SH-010,2026-09-24T00:32:00,22.19,47.0,3.79,online
SH-007,2026-09-24T02:32:00,22.11,51.8,3.76,online
SH-007,2026-09-24T02:09:00,21.73,47.6,3.68,online
SH-004,2026-09-24T18:31:00,22.01,55.1,3.9,online
SH-002,2026-09-24T17:20:00,27.16,44.2,3.57,offline
SH-001,2026-09-24T16:43:00,15.04,42.3,4.05,offline
SH-004,2026-09-24T11:05:00,16.0,66.6,3.57,idle
SH-004,2026-09-24T17:12:00,20.37,48.2,3.64,online
SH-002,2026-09-24T03:52:00,22.04,39.2,3.54,idle
SH-003,2026-09-24T21:36:00,24.07,39.4,3.66,offline
SH-001,2026-09-24T12:01:00,23.42,37.5,3.73,online
SH-007,2026-09-24T22:30:00,20.85,52.5,3.58,idle
SH-010,2026-09-24T03:39:00,25.06,42.1,3.87,idle
SH-007,2026-09-24T11:56:00,25.09,46.0,3.64,online
SH-005,2026-09-24T16:42:00,22.55,44.5,3.64,idle
SH-005,2026-09-24T11:53:00,24.89,50.9,3.46,idle
SH-004,2026-09-24T10:42:00,22.82,38.2,3.66,idle
SH-002,2026-09-24T03:59:00,20.32,36.4,3.58,offline
SH-006,2026-09-24T09:08:00,24.09,46.8,3.51,idle
SH-006,2026-09-24T05:43:00,22.33,49.8,3.48,online
SH-001,2026-09-24T07:14:00,22.0,47.7,4.0,online
SH-005,2026-09-24T16:24:00,26.42,38.5,3.56,idle
SH-003,2026-09-24T15:07:00,14.65,50.4,3.38,offline
SH-002,2026-09-24T14:34:00,17.75,39.0,3.5,online
SH-008,2026-09-24T08:41:00,18.44,40.8,3.59,online
SH-006,2026-09-24T23:01:00,20.91,37.4,3.68,offline
SH-007,2026-09-24T02:06:00,21.24,55.4,3.68,idle
SH-008,2026-09-24T08:13:00,17.48,50.1,3.7,online
SH-010,2026-09-24T02:49:00,19.04,49.8,3.5,online
SH-009,2026-09-24T08:08:00,19.42,55.0,3.65,idle
SH-007,2026-09-24T23:05:00,29.37,67.5,3.47,idle
SH-009,2026-09-24T08:47:00,27.41,31.3,3.51,idle
SH-005,2026-09-24T21:48:00,20.76,39.1,3.46,online
SH-010,2026-09-24T11:52:00,20.91,40.1,3.42,idle
SH-008,2026-09-24T16:47:00,18.55,38.2,3.76,offline
SH-007,2026-09-24T10:58:00,16.28,36.4,3.7,online
SH-010,2026-09-24T06:22:00,21.65,42.6,3.75,idle
SH-006,2026-09-24T18:20:00,19.01,35.3,3.61,online
SH-008,2026-09-24T23:15:00,21.75,47.7,3.72,idle
SH-003,2026-09-24T06:19:00,17.2,45.4,3.34,online
SH-010,2026-09-24T18:41:00,19.71,48.8,3.73,online
SH-007,2026-09-24T06:16:00,22.45,49.1,3.63,offline
SH-008,2026-09-24T17:12:00,23.1,49.8,3.69,online
SH-005,2026-09-24T18:56:00,23.25,42.0,3.66,offline
SH-009,2026-09-24T10:47:00,18.04,62.0,3.45,idle
SH-001,2026-09-24T17:41:00,24.56,46.9,3.38,idle
SH-002,2026-09-24T06:32:00,19.6,30.1,3.49,idle
SH-006,2026-09-24T01:54:00,23.9,37.0,3.68,idle
SH-008,2026-09-24T02:18:00,21.97,31.1,3.7,idle
SH-009,2026-09-24T10:43:00,17.87,45.1,3.39,offline
SH-005,2026-09-24T21:39:00,21.05,44.0,3.45,offline
SH-007,2026-09-24T03:03:00,23.1,41.3,3.49,online
SH-006,2026-09-24T10:56:00,23.84,61.1,3.55,offline
SH-010,2026-09-24T16:53:00,21.58,49.4,3.4,online
SH-007,2026-09-24T04:51:00,26.6,50.8,3.39,offline
SH-005,2026-09-24T17:19:00,25.02,37.6,3.48,online
SH-010,2026-09-24T07:20:00,21.23,37.0,3.61,online
SH-002,2026-09-24T19:24:00,24.25,45.3,3.42,offline
SH-010,2026-09-24T13:54:00,27.8,46.4,3.58,offline
SH-002,2026-09-24T13:07:00,27.88,30.1,3.76,online
SH-003,2026-09-24T04:14:00,18.32,43.6,3.4,idle
SH-009,2026-09-24T11:07:00,19.22,45.1,3.57,idle
SH-008,2026-09-24T20:33:00,26.45,43.3,3.75,idle
SH-010,2026-09-24T00:28:00,18.83,38.5,3.54,idle
SH-008,2026-09-24T18:12:00,18.03,40.7,3.51,offline
SH-007,2026-09-24T11:49:00,20.54,43.6,3.77,offline
SH-004,2026-09-24T17:16:00,23.26,45.7,3.55,idle
SH-001,2026-09-24T15:55:00,21.69,49.8,3.77,offline
SH-002,2026-09-24T10:22:00,20.05,53.6,3.66,offline
SH-003,2026-09-24T07:24:00,19.98,42.6,3.55,online
SH-001,2026-09-24T15:03:00,19.86,41.4,3.67,offline
SH-006,2026-09-24T03:21:00,19.36,48.5,3.65,offline
SH-008,2026-09-24T14:01:00,28.84,49.9,3.75,online
SH-010,2026-09-24T02:16:00,22.89,41.5,3.52,offline
SH-005,2026-09-24T15:35:00,24.66,51.3,3.61,offline
SH-009,2026-09-24T15:05:00,20.53,52.8,3.59,idle
SH-010,2026-09-24T02:01:00,21.44,55.3,3.71,idle
SH-009,2026-09-24T18:10:00,19.86,59.2,3.45,idle
SH-005,2026-09-24T09:58:00,14.04,38.1,3.75,offline
SH-004,2026-09-24T18:53:00,17.87,45.1,3.67,offline
SH-010,2026-09-24T00:59:00,16.57,45.1,3.4,offline
SH-003,2026-09-24T04:18:00,15.25,44.2,3.78,idle
SH-005,2026-09-24T11:51:00,18.41,39.8,3.94,online
SH-001,2026-09-24T04:31:00,25.97,33.1,3.75,offline
SH-008,2026-09-24T07:55:00,21.87,45.7,3.81,online
SH-007,2026-09-24T15:51:00,25.87,38.9,3.61,online
SH-001,2026-09-24T03:28:00,23.23,45.7,3.35,online
SH-003,2026-09-24T16:15:00,24.35,38.6,3.32,offline
SH-006,2026-09-24T02:28:00,19.3,36.2,3.64,idle
SH-006,2026-09-24T04:12:00,23.57,46.9,3.51,online
SH-009,2026-09-24T14:06:00,24.19,46.2,3.46,online
SH-003,2026-09-24T19:02:00,20.27,49.6,3.59,idle
SH-010,2026-09-24T04:05:00,23.68,62.5,3.69,offline
SH-005,2026-09-24T07:11:00,23.7,47.2,3.38,offline
SH-009,2026-09-24T22:12:00,20.35,48.9,3.53,idle
SH-003,2026-09-24T23:45:00,18.63,36.4,3.83,idle
SH-001,2026-09-24T13:56:00,18.45,34.7,3.44,offline
SH-001,2026-09-24T10:43:00,22.26,57.7,3.73,offline
SH-004,2026-09-24T08:19:00,22.98,37.6,3.53,online
SH-010,2026-09-24T14:41:00,19.62,36.6,3.68,offline
SH-001,2026-09-24T14:10:00,22.08,44.7,3.76,idle
SH-004,2026-09-24T07:04:00,23.71,44.3,3.71,offline
SH-002,2026-09-24T00:32:00,23.85,37.8,3.74,online
SH-010,2026-09-24T03:38:00,26.66,42.6,3.43,online
SH-007,2026-09-24T23:00:00,25.83,54.8,3.77,offline
SH-008,2026-09-24T10:02:00,19.0,38.6,3.47,offline
SH-008,2026-09-24T11:34:00,27.05,33.9,3.64,online
SH-007,2026-09-24T11:12:00,20.41,52.5,3.64,offline
SH-008,2026-09-24T18:47:00,25.13,48.9,3.67,online
SH-001,2026-09-24T01:33:00,22.2,40.0,3.65,offline
SH-009,2026-09-24T01:59:00,20.76,32.3,3.47,online
SH-008,2026-09-24T06:37:00,16.58,39.0,3.4,online
SH-008,2026-09-24T11:40:00,21.49,44.6,3.73,offline
SH-004,2026-09-24T16:06:00,17.32,54.3,3.63,offline
SH-009,2026-09-24T11:46:00,24.9,36.7,3.77,online
SH-004,2026-09-24T10:35:00,26.55,44.3,3.59,online
SH-001,2026-09-24T22:30:00,19.61,50.4,3.39,idle
SH-010,2026-09-24T03:51:00,22.91,25.9,3.74,online
SH-003,2026-09-24T13:43:00,19.82,53.3,3.54,offline
SH-002,2026-09-24T13:00:00,20.11,35.5,3.65,offline
SH-007,2026-09-24T11:21:00,24.32,47.7,3.5,offline
SH-003,2026-09-24T19:22:00,21.88,47.0,3.85,online
SH-009,2026-09-24T06:24:00,27.22,53.7,3.47,online
SH-005,2026-09-24T22:53:00,20.55,49.4,3.55,offline
SH-001,2026-09-24T07:57:00,25.0,26.0,3.62,online
SH-010,2026-09-24T13:04:00,22.29,38.7,3.44,idle
SH-006,2026-09-24T12:29:00,24.39,46.1,3.65,idle
SH-003,2026-09-24T20:23:00,20.66,43.4,3.84,offline
SH-007,2026-09-24T10:32:00,21.85,48.8,3.53,online
SH-006,2026-09-24T06:49:00,21.65,51.3,3.66,offline
SH-001,2026-09-24T00:31:00,19.49,49.9,3.19,offline
SH-008,2026-09-24T08:43:00,23.99,43.3,3.59,online
SH-005,2026-09-24T19:49:00,23.95,30.2,3.55,idle
SH-007,2026-09-24T00:14:00,23.78,41.4,3.48,online
SH-009,2026-09-24T21:30:00,26.61,48.3,3.76,idle
SH-007,2026-09-24T13:01:00,26.35,36.3,3.55,online
SH-007,2026-09-24T03:21:00,20.88,50.1,3.57,online
SH-003,2026-09-24T07:15:00,23.12,52.3,3.54,idle
SH-003,2026-09-24T13:17:00,20.13,46.0,3.31,idle
SH-005,2026-09-24T07:34:00,22.07,20.5,3.43,online
SH-009,2026-09-24T02:36:00,20.2,34.8,3.74,online
SH-006,2026-09-24T15:59:00,26.86,60.1,3.28,online
SH-004,2026-09-24T16:08:00,23.09,40.6,3.49,offline
SH-008,2026-09-24T02:51:00,21.35,29.1,3.54,idle
SH-009,2026-09-24T06:44:00,25.58,54.9,3.86,online
SH-010,2026-09-24T05:51:00,15.49,45.1,3.72,online
SH-003,2026-09-24T15:49:00,15.96,53.8,3.52,offline
SH-008,2026-09-24T17:31:00,24.39,47.2,3.8,online
SH-006,2026-09-24T17:26:00,22.18,48.7,3.49,offline
SH-005,2026-09-24T22:31:00,22.75,47.9,3.75,idle
SH-004,2026-09-24T18:26:00,18.02,50.6,3.4,online
SH-002,2026-09-24T07:41:00,21.93,63.2,3.76,online
SH-003,2026-09-24T02:35:00,28.01,52.8,3.54,online
SH-006,2026-09-24T14:45:00,24.47,32.4,3.45,offline
SH-009,2026-09-24T21:59:00,22.51,48.6,3.57,idle
SH-009,2026-09-24T23:24:00,20.68,54.1,3.64,idle
SH-002,2026-09-24T05:31:00,20.82,54.6,3.53,online
SH-007,2026-09-24T05:40:00,15.61,41.6,3.68,offline
SH-001,2026-09-24T00:53:00,22.77,54.3,3.51,online
SH-007,2026-09-24T03:23:00,24.54,52.4,3.69,idle
SH-004,2026-09-24T13:18:00,17.27,65.6,3.67,offline
SH-005,2026-09-24T13:07:00,20.02,39.0,3.59,offline
SH-008,2026-09-24T08:54:00,18.53,40.9,3.53,idle
SH-005,2026-09-24T07:26:00,19.1,42.6,3.62,offline
SH-009,2026-09-24T19:54:00,22.16,41.1,3.68,online
SH-006,2026-09-24T11:02:00,15.75,37.9,3.91,offline
SH-010,2026-09-24T19:23:00,23.84,22.9,3.74,idle
SH-007,2026-09-24T23:07:00,24.26,41.5,3.75,idle
SH-003,2026-09-24T07:36:00,21.25,48.0,4.06,online
SH-008,2026-09-24T04:51:00,14.56,41.1,3.68,offline
SH-005,2026-09-24T22:52:00,19.01,60.5,3.67,offline
SH-006,2026-09-24T15:14:00,25.7,45.1,3.71,offline
SH-002,2026-09-24T06:58:00,13.67,55.3,3.45,online
SH-002,2026-09-24T14:55:00,20.96,47.1,3.53,idle
SH-006,2026-09-24T12:21:00,18.46,51.6,3.52,offline
SH-002,2026-09-24T21:43:00,24.41,47.2,3.7,idle
SH-010,2026-09-24T06:08:00,19.97,56.0,3.57,offline
SH-009,2026-09-24T23:47:00,23.21,45.4,3.62,offline
SH-008,2026-09-24T22:27:00,23.7,49.0,3.76,online
SH-008,2026-09-24T04:20:00,27.51,47.9,3.73,idle
SH-006,2026-09-24T03:57:00,21.39,42.7,3.58,online
SH-001,2026-09-24T12:47:00,23.13,48.2,3.5,idle
SH-004,2026-09-24T01:04:00,17.54,62.9,3.77,idle
SH-005,2026-09-24T07:10:00,25.57,42.8,3.72,offline
SH-010,2026-09-24T10:26:00,19.72,48.4,3.36,offline
SH-003,2026-09-24T23:15:00,20.32,55.1,3.55,idle
SH-005,2026-09-24T23:49:00,21.93,54.1,3.62,idle
SH-004,2026-09-24T03:38:00,17.31,45.1,3.72,idle
SH-002,2026-09-24T21:24:00,22.69,25.9,3.74,idle
SH-002,2026-09-24T02:10:00,24.9,49.1,3.64,idle
SH-004,2026-09-24T17:57:00,22.88,27.2,3.69,offline
SH-001,2026-09-24T20:17:00,17.23,56.8,3.61,offline
SH-001,2026-09-24T21:22:00,21.63,46.4,3.5,offline
SH-004,2026-09-24T05:21:00,24.23,53.0,3.56,online
SH-003,2026-09-24T21:26:00,16.37,37.8,3.6,idle
SH-006,2026-09-24T02:47:00,18.78,32.6,3.59,idle
SH-001,2026-09-24T12:27:00,24.63,47.1,3.32,idle
SH-004,2026-09-24T11:16:00,22.81,44.7,3.54,idle
SH-005,2026-09-24T07:34:00,23.24,41.1,3.61,offline
SH-010,2026-09-24T00:31:00,27.58,45.7,3.56,idle
SH-007,2026-09-24T18:31:00,23.41,67.1,3.56,online
SH-009,2026-09-24T08:03:00,23.97,51.7,3.67,idle
SH-004,2026-09-24T15:52:00,30.13,53.4,3.44,offline
SH-005,2026-09-24T09:50:00,21.36,51.8,3.36,online
SH-005,2026-09-24T08:58:00,19.61,56.8,3.55,online
SH-009,2026-09-24T21:16:00,23.28,43.5,3.71,offline
SH-010,2026-09-24T02:16:00,23.32,28.6,3.85,online
SH-010,2026-09-24T17:40:00,20.42,43.5,3.72,idle
SH-008,2026-09-24T17:55:00,18.9,51.5,3.38,offline
SH-006,2026-09-24T09:07:00,28.93,37.2,3.57,online
SH-006,2026-09-24T06:17:00,22.98,43.6,3.64,idle
SH-010,2026-09-24T00:07:00,19.8,39.5,3.63,online
SH-003,2026-09-24T22:29:00,24.75,57.0,3.68,online
SH-004,2026-09-24T22:44:00,21.67,51.0,3.46,online
SH-009,2026-09-24T05:46:00,21.24,50.2,3.61,online
SH-004,2026-09-24T00:45:00,23.69,50.0,3.66,idle
SH-003,2026-09-24T02:56:00,18.12,44.7,3.72,idle
SH-006,2026-09-24T01:37:00,23.06,46.6,3.48,online
SH-004,2026-09-24T19:56:00,27.74,35.5,3.55,offline
SH-009,2026-09-24T21:24:00,23.4,27.5,3.19,offline
SH-010,2026-09-24T03:40:00,20.87,46.2,3.51,online
SH-004,2026-09-24T17:55:00,20.48,47.6,3.52,offline
SH-006,2026-09-24T04:18:00,20.77,54.7,3.45,online
SH-010,2026-09-24T08:48:00,21.24,57.6,3.62,idle
SH-008,2026-09-24T14:23:00,20.87,57.6,3.59,idle
SH-003,2026-09-24T17:16:00,24.75,37.0,3.26,idle
SH-006,2026-09-24T20:59:00,16.8,42.2,3.63,offline
SH-007,2026-09-24T01:04:00,24.59,48.8,3.46,offline
SH-007,2026-09-24T04:42:00,20.86,65.3,3.67,online
SH-001,2026-09-24T06:43:00,23.13,56.8,3.41,idle
SH-003,2026-09-24T07:26:00,18.62,54.0,3.6,offline
SH-009,2026-09-24T23:57:00,25.99,41.9,3.56,offline
SH-003,2026-09-24T18:39:00,25.74,37.9,3.65,offline
SH-003,2026-09-24T07:41:00,24.88,51.3,3.62,idle
SH-004,2026-09-24T23:19:00,17.46,36.2,3.56,online
SH-002,2026-09-24T11:59:00,24.49,43.1,3.37,idle
SH-002,2026-09-24T12:01:00,23.21,44.1,3.38,offline
SH-004,2026-09-24T10:24:00,17.18,57.7,3.51,offline
SH-009,2026-09-24T03:27:00,21.93,42.2,3.6,offline
SH-001,2026-09-24T22:25:00,23.09,25.5,3.51,offline
SH-003,2026-09-24T00:20:00,23.67,49.0,3.69,idle
SH-001,2026-09-24T04:10:00,22.53,39.4,3.56,online
SH-006,2026-09-24T05:30:00,22.87,45.3,3.46,idle
SH-003,2026-09-24T06:42:00,26.42,44.3,3.56,idle
SH-008,2026-09-24T03:09:00,25.68,42.8,3.63,offline
SH-006,2026-09-24T00:25:00,13.4,51.3,3.65,idle
SH-008,2026-09-24T16:15:00,21.05,32.7,3.88,offline
SH-007,2026-09-24T23:15:00,21.51,40.9,3.5,online
SH-005,2026-09-24T02:55:00,16.74,50.5,3.59,offline
SH-009,2026-09-24T07:07:00,22.28,40.1,3.66,idle
SH-005,2026-09-24T12:09:00,25.75,32.1,3.6,offline
SH-010,2026-09-24T22:15:00,18.74,50.3,3.52,idle
SH-010,2026-09-24T16:39:00,23.01,54.0,3.37,idle
SH-006,2026-09-24T18:23:00,19.25,44.6,3.52,online
SH-007,2026-09-24T13:56:00,19.98,29.3,3.44,offline
SH-003,2026-09-24T10:00:00,26.43,50.6,3.34,offline
SH-009,2026-09-24T04:47:00,20.37,31.7,3.48,offline
SH-007,2026-09-24T20:44:00,23.39,47.5,3.44,online
SH-010,2026-09-24T19:17:00,16.39,37.9,3.69,online
SH-003,2026-09-24T00:36:00,27.59,35.7,3.69,offline
SH-008,2026-09-24T17:10:00,23.81,41.5,3.46,online
SH-005,2026-09-24T02:01:00,21.45,43.5,3.56,idle
SH-002,2026-09-24T17:44:00,23.73,39.8,3.32,idle
SH-002,2026-09-24T19:49:00,17.77,49.7,3.53,offline
SH-006,2026-09-24T03:08:00,25.55,41.4,3.66,offline
SH-004,2026-09-24T10:24:00,21.03,52.8,3.72,offline
SH-002,2026-09-24T02:58:00,21.39,47.2,3.49,online
SH-005,2026-09-24T13:36:00,20.53,39.4,3.76,idle
SH-007,2026-09-24T22:15:00,20.26,38.1,3.37,offline
SH-004,2026-09-24T01:56:00,24.08,31.8,3.41,offline
SH-010,2026-09-24T09:32:00,22.77,47.3,3.71,online
SH-008,2026-09-24T23:21:00,23.96,42.2,3.85,offline
SH-006,2026-09-24T07:13:00,21.97,26.0,3.67,idle
SH-010,2026-09-24T03:10:00,23.54,40.7,3.59,online
SH-005,2026-09-24T11:43:00,20.74,37.8,3.27,idle
SH-002,2026-09-24T12:12:00,28.69,57.6,3.3,offline
SH-001,2026-09-24T15:54:00,17.3,31.4,3.62,online
SH-010,2026-09-24T07:31:00,25.78,33.5,3.55,online
SH-010,2026-09-24T22:56:00,26.1,53.9,3.43,offline
SH-008,2026-09-24T12:30:00,19.44,55.9,3.61,offline
SH-002,2026-09-24T06:52:00,28.69,39.0,3.62,online
SH-003,2026-09-24T23:02:00,24.99,39.9,3.74,offline
SH-001,2026-09-24T22:11:00,24.91,49.9,3.62,offline
SH-001,2026-09-24T11:58:00,22.08,26.4,3.78,offline
SH-003,2026-09-24T00:35:00,21.35,30.1,3.6,online
SH-006,2026-09-24T14:19:00,21.37,42.8,3.58,idle
SH-001,2026-09-24T13:19:00,23.17,57.4,3.76,offline
SH-010,2026-09-24T03:33:00,26.2,41.5,3.45,offline
SH-005,2026-09-24T15:12:00,22.54,45.8,4.02,idle
SH-003,2026-09-24T20:10:00,19.27,54.1,3.66,online
SH-006,2026-09-24T02:32:00,24.47,61.9,3.66,online
SH-008,2026-09-24T17:21:00,24.76,40.4,3.68,online
SH-004,2026-09-24T03:22:00,23.96,44.9,3.88,online
SH-001,2026-09-24T17:58:00,24.24,59.6,3.72,online
SH-001,2026-09-24T10:03:00,21.19,32.8,3.36,online
SH-009,2026-09-24T00:09:00,19.21,53.2,3.81,offline
SH-002,2026-09-24T23:11:00,19.4,36.9,3.55,idle
SH-007,2026-09-24T03:58:00,17.09,45.8,3.62,idle
SH-004,2026-09-24T14:18:00,22.71,43.1,3.41,offline
SH-008,2026-09-24T04:21:00,21.75,37.3,3.68,idle
SH-001,2026-09-24T22:23:00,20.68,37.1,3.5,idle
SH-009,2026-09-24T17:43:00,13.13,47.2,3.62,online
SH-007,2026-09-24T19:18:00,18.26,53.0,3.56,idle
SH-005,2026-09-24T10:22:00,25.36,44.0,3.89,online
SH-003,2026-09-24T11:13:00,20.01,45.6,3.9,idle
SH-010,2026-09-24T15:13:00,23.08,49.6,3.61,offline
SH-004,2026-09-24T18:50:00,17.83,37.2,3.61,idle
SH-005,2026-09-24T20:19:00,26.32,50.9,3.54,online
SH-004,2026-09-24T00:25:00,21.57,51.6,3.77,offline
SH-003,2026-09-24T15:55:00,22.87,65.8,3.55,offline
SH-005,2026-09-24T02:37:00,28.98,42.0,3.54,idle
SH-002,2026-09-24T06:54:00,26.55,41.3,3.75,online
SH-001,2026-09-24T19:54:00,21.08,51.2,3.52,offline
SH-003,2026-09-24T06:00:00,20.22,51.6,3.59,online
SH-002,2026-09-24T19:07:00,21.02,40.7,3.36,offline
SH-005,2026-09-24T11:06:00,23.53,41.8,3.71,online
SH-009,2026-09-24T05:35:00,21.68,49.3,3.89,idle
SH-002,2026-09-24T08:01:00,20.81,38.4,3.71,offline
SH-001,2026-09-24T12:44:00,26.4,41.7,3.82,online
SH-002,2026-09-24T18:21:00,21.66,45.7,3.47,online
SH-006,2026-09-24T14:32:00,28.9,53.0,3.64,online
SH-003,2026-09-24T22:23:00,22.27,40.2,3.46,idle
SH-005,2026-09-24T20:49:00,27.36,30.3,3.57,idle
SH-001,2026-09-24T18:04:00,23.07,29.7,3.72,online
SH-004,2026-09-24T14:28:00,24.89,34.9,3.62,idle
SH-005,2026-09-24T06:57:00,19.83,34.5,3.39,offline
SH-005,2026-09-24T09:54:00,19.44,43.8,3.4,offline
SH-006,2026-09-24T02:51:00,23.38,35.5,3.39,online
SH-008,2026-09-24T08:58:00,24.97,39.4,3.67,idle
SH-005,2026-09-24T22:14:00,22.12,38.8,3.91,online
SH-009,2026-09-24T10:13:00,18.14,41.5,3.8,idle
SH-006,2026-09-24T02:43:00,17.92,55.6,3.32,offline
SH-003,2026-09-24T15:38:00,17.72,50.3,3.81,offline
SH-003,2026-09-24T23:06:00,16.7,45.1,3.74,online
SH-004,2026-09-24T20:49:00,22.33,41.3,3.37,online
SH-006,2026-09-24T06:34:00,25.38,41.5,3.55,offline
SH-003,2026-09-24T10:53:00,21.96,47.6,3.76,offline
SH-010,2026-09-24T12:44:00,15.22,49.7,3.68,online
SH-005,2026-09-24T05:56:00,21.43,37.7,3.4,online
SH-009,2026-09-24T06:26:00,21.51,45.3,3.69,idle
SH-007,2026-09-24T05:40:00,28.29,28.7,3.28,idle
SH-004,2026-09-24T23:52:00,17.63,46.7,3.57,idle
SH-003,2026-09-24T17:54:00,20.83,51.1,3.77,offline
SH-008,2026-09-24T20:10:00,27.12,42.8,3.6,offline
SH-004,2026-09-24T19:35:00,23.35,59.5,3.53,offline
SH-003,2026-09-24T23:01:00,23.69,38.0,3.73,online
SH-010,2026-09-24T02:31:00,22.34,46.7,3.75,offline
SH-005,2026-09-24T21:09:00,22.99,44.7,3.8,offline
SH-001,2026-09-24T01:35:00,24.33,44.2,3.73,idle
SH-005,2026-09-24T11:24:00,19.57,44.1,3.76,idle
SH-005,2026-09-24T14:15:00,24.63,45.9,3.71,offline
SH-009,2026-09-24T08:35:00,17.88,51.8,3.64,offline
SH-008,2026-09-24T03:30:00,22.99,56.0,3.61,idle
SH-002,2026-09-24T04:36:00,22.54,45.0,3.56,online
SH-002,2026-09-24T19:47:00,20.15,51.5,3.42,idle
SH-007,2026-09-24T07:38:00,21.93,39.4,3.46,offline
SH-001,2026-09-24T07:26:00,20.13,51.1,3.56,online
SH-004,2026-09-24T22:09:00,18.78,38.9,3.64,offline
SH-002,2026-09-24T03:27:00,20.94,53.7,3.82,online
SH-001,2026-09-24T21:57:00,18.69,62.7,3.59,offline
SH-010,2026-09-24T22:06:00,22.97,44.0,3.75,idle
SH-001,2026-09-24T14:21:00,18.55,27.5,3.76,online
SH-001,2026-09-24T03:58:00,24.14,40.6,3.57,online
SH-010,2026-09-24T03:44:00,18.46,54.9,3.69,online
SH-002,2026-09-24T06:49:00,20.3,49.4,3.56,offline
SH-009,2026-09-24T13:51:00,20.13,47.0,3.8,idle
SH-001,2026-09-24T03:41:00,25.98,53.1,3.7,offline
SH-002,2026-09-24T10:56:00,22.99,48.9,3.42,online
SH-002,2026-09-24T02:46:00,21.36,54.7,3.62,offline
SH-008,2026-09-24T12:58:00,23.5,52.4,3.85,offline
SH-007,2026-09-24T00:30:00,15.68,57.2,3.57,online
SH-005,2026-09-24T17:01:00,21.87,47.9,3.67,idle
SH-003,2026-09-24T01:19:00,27.99,52.2,3.68,offline
SH-001,2026-09-24T04:40:00,22.4,42.5,3.44,online
SH-006,2026-09-24T04:11:00,22.2,40.2,3.68,online
SH-003,2026-09-24T19:56:00,23.64,58.7,3.39,offline
SH-006,2026-09-24T01:16:00,24.69,46.7,3.51,idle
SH-007,2026-09-24T10:18:00,16.01,51.4,3.76,online
SH-009,2026-09-24T14:11:00,16.95,46.0,3.65,offline
SH-005,2026-09-24T12:23:00,22.63,40.3,3.55,offline
SH-001,2026-09-24T16:20:00,19.86,45.1,3.67,online
SH-003,2026-09-24T19:16:00,25.94,56.5,3.59,online
SH-009,2026-09-24T09:26:00,21.05,49.4,3.6,online
SH-006,2026-09-24T19:52:00,16.2,31.3,3.7,offline
SH-007,2026-09-24T07:37:00,18.2,43.3,3.49,online
SH-005,2026-09-24T23:37:00,13.75,59.3,3.61,offline
SH-002,2026-09-24T12:06:00,21.3,43.3,3.55,idle
SH-009,2026-09-24T17:39:00,21.43,30.6,3.36,idle
SH-008,2026-09-24T21:00:00,20.73,60.1,3.46,offline
SH-010,2026-09-24T19:01:00,25.24,50.5,3.84,offline
SH-009,2026-09-24T20:25:00,25.6,44.4,3.66,online
SH-003,2026-09-24T12:52:00,21.49,42.0,3.4,online
SH-003,2026-09-24T01:02:00,15.6,53.7,3.37,online
SH-003,2026-09-24T11:50:00,23.85,40.7,3.58,offline
SH-010,2026-09-24T04:21:00,23.67,54.2,3.83,idle
SH-006,2026-09-24T21:20:00,22.93,49.3,3.57,online
SH-005,2026-09-24T05:40:00,24.94,47.0,3.8,online
SH-010,2026-09-24T05:28:00,18.51,46.2,3.65,idle
SH-007,2026-09-24T05:59:00,28.03,43.6,3.67,offline
SH-010,2026-09-24T15:25:00,19.12,53.4,3.4,idle
SH-010,2026-09-24T13:42:00,24.25,38.1,3.74,offline
SH-001,2026-09-24T22:46:00,16.94,32.0,3.55,offline
SH-004,2026-09-24T09:59:00,19.21,49.9,3.73,offline
SH-008,2026-09-24T06:46:00,26.55,50.0,3.48,idle
SH-009,2026-09-24T01:10:00,21.22,48.8,3.63,offline
SH-002,2026-09-24T00:10:00,24.52,48.3,3.65,offline
SH-004,2026-09-24T08:58:00,22.71,42.4,3.58,idle
SH-006,2026-09-24T22:13:00,21.69,51.3,3.66,idle
SH-008,2026-09-24T12:34:00,26.09,44.6,3.56,offline
SH-002,2026-09-24T21:26:00,21.29,41.1,3.5,idle
SH-007,2026-09-24T02:26:00,16.66,42.5,3.84,online
SH-003,2026-09-24T02:14:00,19.59,61.2,3.76,offline
SH-003,2026-09-24T20:00:00,23.65,31.1,3.49,online
SH-006,2026-09-24T02:33:00,23.19,49.0,3.69,offline
SH-005,2026-09-24T01:14:00,17.3,31.6,3.49,idle
SH-007,2026-09-24T09:41:00,19.83,44.1,3.42,idle
SH-004,2026-09-24T22:11:00,20.25,41.5,3.76,online
SH-009,2026-09-24T16:32:00,20.9,28.3,3.34,idle
SH-001,2026-09-24T02:22:00,17.87,48.1,3.74,offline
SH-009,2026-09-24T20:05:00,20.11,42.0,3.56,online
SH-001,2026-09-24T20:14:00,19.81,28.2,3.57,offline
SH-008,2026-09-24T19:13:00,24.31,51.7,3.66,offline
SH-004,2026-09-24T21:39:00,24.43,56.5,3.69,offline
SH-004,2026-09-24T05:45:00,21.56,56.9,3.48,idle
SH-001,2026-09-24T23:30:00,20.82,47.9,3.71,online
SH-008,2026-09-24T07:41:00,22.42,45.4,3.62,offline
SH-002,2026-09-24T19:14:00,19.55,55.6,3.41,idle
SH-007,2026-09-24T13:54:00,18.56,58.5,3.57,idle
SH-008,2026-09-24T18:42:00,19.18,54.1,3.81,offline
SH-009,2026-09-24T15:04:00,20.1,37.5,3.85,offline
SH-008,2026-09-24T15:25:00,18.51,46.6,3.71,online
SH-004,2026-09-24T14:47:00,22.49,48.5,3.42,offline
SH-008,2026-09-24T18:41:00,24.19,30.5,3.67,idle
SH-009,2026-09-24T17:44:00,17.24,48.8,3.73,offline
SH-004,2026-09-24T03:13:00,22.08,63.2,3.71,idle
SH-002,2026-09-24T19:49:00,21.34,50.1,3.72,offline
SH-009,2026-09-24T12:51:00,23.02,56.8,3.65,offline
SH-002,2026-09-24T07:45:00,21.96,46.5,3.59,offline
SH-006,2026-09-24T12:20:00,17.64,44.4,3.51,offline
SH-003,2026-09-24T23:12:00,18.21,48.1,3.32,idle
SH-002,2026-09-24T20:34:00,22.09,38.5,3.65,online
SH-008,2026-09-24T20:00:00,25.09,37.3,3.63,idle
SH-002,2026-09-24T11:06:00,15.36,55.1,3.68,idle
SH-007,2026-09-24T18:49:00,23.04,56.0,3.4,offline
SH-007,2026-09-24T09:14:00,25.57,37.1,3.7,idle
SH-001,2026-09-24T16:28:00,21.54,52.7,3.91,idle
SH-002,2026-09-24T15:20:00,23.65,44.3,3.61,online
SH-008,2026-09-24T05:59:00,19.89,47.7,3.59,offline
SH-006,2026-09-24T06:23:00,21.64,48.7,3.65,idle
SH-002,2026-09-24T01:28:00,17.14,53.0,3.9,online
SH-010,2026-09-24T03:21:00,14.97,45.7,3.45,online
SH-003,2026-09-24T10:24:00,24.83,56.3,3.63,offline
SH-001,2026-09-24T11:28:00,19.05,47.5,3.48,online
SH-010,2026-09-24T03:57:00,20.63,50.0,3.52,idle
SH-001,2026-09-24T10:00:00,17.84,38.3,3.59,idle
SH-006,2026-09-24T14:30:00,17.77,62.3,3.8,online
SH-010,2026-09-24T05:34:00,21.48,48.8,3.87,online
SH-006,2026-09-24T08:07:00,19.81,50.7,3.67,offline
SH-006,2026-09-24T08:49:00,23.13,32.1,3.54,idle
SH-004,2026-09-24T12:07:00,23.36,38.4,3.97,online
SH-002,2026-09-24T08:47:00,22.96,54.9,3.54,online
SH-006,2026-09-24T17:41:00,22.72,47.3,3.51,idle
SH-009,2026-09-24T07:51:00,26.73,29.7,3.33,offline
SH-001,2026-09-24T10:24:00,18.8,53.3,3.81,offline
SH-009,2026-09-24T09:06:00,21.84,40.6,3.75,online
SH-005,2026-09-24T04:23:00,25.4,56.3,3.96,offline
SH-006,2026-09-24T16:27:00,25.79,44.3,3.39,offline
SH-002,2026-09-24T05:39:00,17.73,46.6,3.82,online
SH-007,2026-09-24T07:07:00,21.06,54.4,3.61,online
SH-002,2026-09-24T19:01:00,26.07,37.8,3.72,offline
SH-003,2026-09-24T22:46:00,23.52,37.1,3.35,idle
SH-008,2026-09-24T16:06:00,22.59,43.4,3.82,offline
SH-001,2026-09-24T21:59:00,21.35,51.6,3.72,online
SH-005,2026-09-24T20:30:00,20.85,34.4,3.59,online
SH-006,2026-09-24T11:32:00,22.86,31.7,3.7,online
SH-002,2026-09-24T18:29:00,21.24,51.6,3.49,online
SH-003,2026-09-24T07:52:00,21.87,40.2,3.51,idle
SH-004,2026-09-24T11:03:00,22.24,41.9,3.53,online
SH-007,2026-09-24T12:51:00,19.97,30.1,3.32,offline
SH-010,2026-09-24T23:03:00,23.6,39.6,3.73,idle
SH-009,2026-09-24T20:21:00,30.74,44.9,3.78,offline
SH-002,2026-09-24T11:44:00,16.67,52.4,3.49,idle
SH-001,2026-09-24T15:39:00,22.97,38.8,3.65,online
SH-001,2026-09-24T04:51:00,19.72,58.3,3.56,idle
SH-006,2026-09-24T19:18:00,23.73,39.5,3.65,online
SH-002,2026-09-24T13:16:00,22.14,39.5,3.51,offline
SH-003,2026-09-24T12:47:00,24.29,57.3,3.47,offline
SH-009,2026-09-24T18:23:00,25.53,46.7,3.76,online
SH-009,2026-09-24T15:11:00,22.58,40.6,3.59,idle
SH-009,2026-09-24T01:44:00,25.4,43.8,3.9,idle
SH-003,2026-09-24T06:54:00,14.97,55.8,3.61,online
SH-007,2026-09-24T04:14:00,26.77,56.7,3.46,online
SH-007,2026-09-24T17:38:00,23.13,38.5,3.78,offline
SH-002,2026-09-24T00:50:00,25.23,44.7,3.69,online
SH-006,2026-09-24T04:51:00,18.34,45.7,3.71,idle
SH-006,2026-09-24T14:20:00,19.51,37.1,3.78,online
SH-004,2026-09-24T16:40:00,22.44,44.6,3.5,idle
SH-008,2026-09-24T12:04:00,21.95,45.0,3.58,online
SH-007,2026-09-24T20:39:00,22.85,54.1,3.57,idle
SH-006,2026-09-24T22:03:00,25.25,54.7,3.41,idle
SH-008,2026-09-24T03:10:00,16.7,42.4,3.56,idle
SH-008,2026-09-24T22:51:00,24.92,43.3,3.8,idle
SH-006,2026-09-24T14:44:00,22.02,50.3,3.64,online
SH-003,2026-09-24T15:16:00,21.39,40.3,3.4,idle
SH-008,2026-09-24T02:16:00,17.59,49.7,3.37,offline
SH-008,2026-09-24T14:55:00,23.51,44.3,3.85,idle
SH-010,2026-09-24T17:25:00,14.76,37.2,3.59,online
SH-002,2026-09-24T13:56:00,23.95,37.3,3.5,offline
SH-005,2026-09-24T02:01:00,17.52,56.6,3.56,offline
SH-010,2026-09-24T12:33:00,22.16,43.7,3.38,offline
SH-006,2026-09-24T22:27:00,21.64,58.1,3.81,offline
SH-010,2026-09-24T17:21:00,25.51,40.9,3.54,offline
SH-001,2026-09-24T03:17:00,21.46,47.3,3.81,offline
SH-001,2026-09-24T23:02:00,19.92,64.1,3.61,idle
SH-008,2026-09-24T23:00:00,20.48,36.5,3.81,online
SH-004,2026-09-24T04:03:00,25.82,29.8,3.64,idle
SH-006,2026-09-24T19:13:00,23.61,55.3,3.73,online
SH-005,2026-09-24T09:45:00,20.84,38.4,3.71,offline
SH-005,2026-09-24T14:14:00,21.29,44.8,3.69,idle
SH-010,2026-09-24T10:41:00,17.3,40.3,3.65,offline
SH-001,2026-09-24T18:46:00,23.17,47.1,3.57,idle
SH-008,2026-09-24T23:55:00,16.72,37.4,3.89,idle
SH-009,2026-09-24T19:04:00,24.26,43.6,3.46,offline
SH-007,2026-09-24T22:21:00,22.39,48.6,3.6,idle
SH-004,2026-09-24T22:42:00,29.16,36.9,3.6,idle
SH-002,2026-09-24T02:09:00,18.7,39.4,3.66,idle
SH-007,2026-09-24T06:04:00,21.69,42.2,3.54,offline
SH-005,2026-09-24T17:19:00,27.39,33.6,3.65,offline
SH-002,2026-09-24T14:09:00,25.57,41.6,3.57,online
SH-004,2026-09-24T01:12:00,19.91,46.0,3.36,idle
SH-010,2026-09-24T02:16:00,22.67,41.8,3.6,idle
SH-003,2026-09-24T12:29:00,22.01,42.8,3.43,idle
SH-002,2026-09-24T14:47:00,22.85,44.8,3.34,online
SH-007,2026-09-24T04:01:00,19.9,39.8,3.62,offline
SH-002,2026-09-24T04:06:00,21.73,50.5,3.67,offline
SH-010,2026-09-24T03:06:00,17.21,56.5,3.68,online
SH-009,2026-09-24T13:33:00,22.41,41.3,3.69,online
SH-010,2026-09-24T00:11:00,23.35,48.9,3.31,idle
SH-010,2026-09-24T13:44:00,21.32,43.1,3.4,online
SH-003,2026-09-24T11:25:00,17.15,47.9,3.9,offline
SH-003,2026-09-24T11:11:00,24.97,57.5,3.44,offline
SH-004,2026-09-24T16:18:00,23.09,49.1,3.69,offline
SH-005,2026-09-24T12:32:00,19.82,30.8,3.5,idle
SH-009,2026-09-24T17:27:00,21.16,48.6,3.61,offline
SH-008,2026-09-24T18:20:00,17.5,54.9,3.51,online
SH-007,2026-09-24T22:04:00,18.92,43.2,3.68,online
SH-009,2026-09-24T19:10:00,20.39,53.0,3.62,online
SH-007,2026-09-24T12:25:00,25.69,39.5,3.53,offline
SH-004,2026-09-24T11:48:00,20.08,33.1,3.44,idle
SH-005,2026-09-24T05:39:00,23.92,46.1,3.64,online
SH-006,2026-09-24T14:23:00,20.39,30.9,3.42,online
SH-001,2026-09-24T03:20:00,22.74,43.1,3.66,idle
SH-008,2026-09-24T22:20:00,21.58,55.3,3.99,online
SH-007,2026-09-24T20:16:00,24.62,29.7,3.8,idle
SH-008,2026-09-24T02:52:00,20.4,34.8,3.71,idle
SH-006,2026-09-24T18:51:00,17.28,36.7,3.59,online
SH-008,2026-09-24T02:48:00,17.85,44.5,3.31,online
SH-010,2026-09-24T17:18:00,20.4,42.1,3.4,idle
SH-006,2026-09-24T02:06:00,18.25,56.2,3.79,idle
SH-005,2026-09-24T11:42:00,23.23,52.6,3.48,online
SH-002,2026-09-24T15:47:00,20.6,49.0,3.5,idle
SH-008,2026-09-24T17:29:00,29.12,46.2,3.58,idle
SH-010,2026-09-24T10:02:00,16.79,48.1,3.44,online
SH-007,2026-09-24T22:07:00,22.61,38.1,3.42,idle
SH-009,2026-09-24T18:35:00,18.62,51.9,3.59,online
SH-009,2026-09-24T04:59:00,20.52,36.1,3.47,online
SH-008,2026-09-24T16:06:00,22.42,51.7,3.49,online
SH-006,2026-09-24T17:31:00,15.02,54.5,3.48,online
SH-001,2026-09-24T08:00:00,22.71,46.7,3.68,online
SH-001,2026-09-24T17:43:00,27.71,43.6,3.57,offline
SH-003,2026-09-24T21:33:00,20.64,48.2,3.57,online
SH-005,2026-09-24T19:36:00,22.78,22.1,3.69,offline
SH-008,2026-09-24T18:18:00,25.07,47.4,3.58,offline
SH-005,2026-09-24T15:13:00,21.51,44.1,3.56,offline
SH-001,2026-09-24T06:29:00,20.26,44.6,3.67,offline
SH-003,2026-09-24T19:05:00,15.17,50.7,3.7,online
SH-010,2026-09-24T08:44:00,23.92,44.4,3.58,idle
SH-010,2026-09-24T12:46:00,21.66,35.9,3.61,offline
SH-004,2026-09-24T07:32:00,18.96,43.9,3.48,idle
SH-009,2026-09-24T07:30:00,22.38,45.5,3.47,online
SH-008,2026-09-24T03:46:00,20.25,45.9,3.72,idle
SH-010,2026-09-24T23:04:00,20.41,46.3,3.67,offline
SH-009,2026-09-24T03:32:00,23.82,53.3,3.67,offline
SH-007,2026-09-24T02:04:00,17.98,36.3,3.64,idle
SH-004,2026-09-24T22:28:00,25.14,46.4,3.61,online
SH-007,2026-09-24T13:19:00,17.81,55.3,3.7,online
SH-004,2026-09-24T10:30:00,20.01,31.1,3.74,online
SH-004,2026-09-24T17:41:00,27.77,46.4,3.74,idle
SH-007,2026-09-24T09:11:00,25.38,40.3,3.58,online
SH-006,2026-09-24T03:04:00,22.29,42.0,3.81,idle
SH-006,2026-09-24T17:30:00,19.18,37.8,3.63,online
SH-004,2026-09-24T04:13:00,20.41,43.6,3.69,online
SH-005,2026-09-24T13:16:00,22.22,59.7,3.64,online
SH-001,2026-09-24T22:46:00,22.11,34.9,3.64,online
SH-007,2026-09-24T22:28:00,21.73,35.6,3.49,offline
SH-006,2026-09-24T08:39:00,21.91,34.6,3.71,offline
SH-010,2026-09-24T18:43:00,21.36,58.8,4.03,offline
SH-006,2026-09-24T14:42:00,17.67,41.3,3.54,idle
SH-005,2026-09-24T11:30:00,20.45,44.8,3.61,online
SH-001,2026-09-24T03:21:00,24.74,41.8,3.53,offline
SH-002,2026-09-24T09:01:00,17.89,37.4,3.53,idle
SH-004,2026-09-24T15:38:00,21.43,43.1,3.83,offline
SH-004,2026-09-24T23:40:00,19.54,64.7,3.5,idle
SH-004,2026-09-24T00:07:00,22.33,56.1,3.53,idle
SH-004,2026-09-24T17:13:00,20.83,38.2,3.36,idle
SH-008,2026-09-24T20:18:00,26.43,50.2,3.49,online
SH-002,2026-09-24T22:49:00,23.52,38.3,3.34,idle
SH-004,2026-09-24T10:10:00,18.06,30.8,3.69,offline
SH-002,2026-09-24T02:50:00,24.01,53.2,4.02,online
SH-004,2026-09-24T06:30:00,19.68,54.3,3.54,online
SH-007,2026-09-24T20:24:00,20.27,53.4,3.35,offline
SH-001,2026-09-24T21:04:00,22.94,41.2,3.73,idle
SH-004,2026-09-24T15:17:00,20.52,43.7,3.49,offline
SH-001,2026-09-24T02:56:00,24.68,51.0,3.79,idle
SH-010,2026-09-24T02:55:00,19.68,48.1,3.56,idle
SH-008,2026-09-24T11:28:00,20.14,41.9,3.51,offline
SH-003,2026-09-24T14:07:00,20.03,32.0,3.57,idle
SH-002,2026-09-24T00:46:00,20.3,45.9,3.71,online
SH-001,2026-09-24T16:27:00,25.3,53.6,3.57,idle
SH-005,2026-09-24T13:04:00,23.89,35.4,3.53,online
SH-008,2026-09-24T00:17:00,27.13,50.1,3.57,idle
SH-006,2026-09-24T02:17:00,28.8,47.7,3.41,offline
SH-009,2026-09-24T10:54:00,18.91,51.0,3.66,online
SH-004,2026-09-24T17:20:00,22.21,52.0,3.33,offline
SH-003,2026-09-24T19:48:00,18.47,39.4,3.53,idle
SH-005,2026-09-24T10:21:00,19.67,32.1,3.71,online
SH-003,2026-09-24T07:05:00,20.11,40.7,3.65,online
SH-010,2026-09-24T23:14:00,18.83,52.1,3.69,offline
SH-002,2026-09-24T11:00:00,18.84,40.7,3.59,offline
SH-005,2026-09-24T07:34:00,21.57,39.4,3.78,offline
SH-006,2026-09-24T10:36:00,18.35,30.4,3.74,idle
SH-001,2026-09-24T00:17:00,24.53,59.0,3.67,idle
SH-005,2026-09-24T07:14:00,19.25,51.6,3.74,idle
SH-005,2026-09-24T12:22:00,30.43,51.2,3.71,idle
SH-003,2026-09-24T22:02:00,20.65,52.7,3.53,online
SH-002,2026-09-24T17:43:00,22.22,49.6,3.4,online
SH-001,2026-09-24T18:45:00,18.11,43.0,3.66,offline
SH-001,2026-09-24T13:04:00,27.12,43.7,3.68,idle
SH-005,2026-09-24T02:39:00,25.36,41.6,3.76,online
SH-001,2026-09-24T09:22:00,22.89,66.1,3.46,offline
SH-010,2026-09-24T23:55:00,17.96,49.4,3.46,online
SH-003,2026-09-24T01:03:00,22.63,41.3,3.67,idle
SH-007,2026-09-24T21:06:00,18.64,48.7,3.59,online
SH-007,2026-09-24T16:25:00,26.39,36.9,3.32,idle
SH-005,2026-09-24T06:48:00,24.43,57.0,3.66,idle
SH-009,2026-09-24T18:40:00,22.29,39.7,3.32,offline
SH-002,2026-09-24T20:05:00,14.69,49.0,3.46,offline
SH-003,2026-09-24T01:02:00,19.05,53.5,3.8,offline
SH-003,2026-09-24T02:33:00,24.06,48.1,3.87,online
SH-002,2026-09-24T15:58:00,25.64,45.8,3.42,online
SH-003,2026-09-24T23:58:00,25.33,45.1,3.55,offline
SH-004,2026-09-24T00:34:00,17.22,44.5,3.61,offline
SH-008,2026-09-24T15:58:00,22.9,40.4,3.87,online
SH-004,2026-09-24T03:16:00,25.05,41.4,3.53,online
SH-009,2026-09-24T15:36:00,17.02,56.8,3.53,idle
SH-008,2026-09-24T14:57:00,21.98,44.1,3.83,online
SH-010,2026-09-24T02:10:00,22.82,38.7,3.54,online
SH-002,2026-09-24T16:20:00,21.1,40.9,3.71,offline
SH-010,2026-09-24T21:31:00,16.44,53.8,3.38,idle
SH-007,2026-09-24T20:43:00,21.02,50.4,3.57,online
SH-010,2026-09-24T00:41:00,21.02,49.5,3.35,idle
SH-004,2026-09-24T05:54:00,21.56,42.9,3.44,idle
SH-010,2026-09-24T05:46:00,20.31,49.6,3.73,idle
SH-006,2026-09-24T10:52:00,20.67,39.9,3.59,offline
SH-001,2026-09-24T03:25:00,21.88,42.9,3.55,online
SH-005,2026-09-24T20:30:00,23.33,52.8,3.49,idle
SH-002,2026-09-24T18:38:00,21.09,52.0,3.57,offline
SH-010,2026-09-24T19:24:00,20.77,37.1,3.65,idle
SH-004,2026-09-24T04:45:00,22.28,38.2,3.75,offline
SH-003,2026-09-24T00:20:00,16.24,45.9,3.21,idle
SH-006,2026-09-24T21:51:00,23.43,58.8,3.48,idle
SH-005,2026-09-24T06:56:00,22.0,29.7,3.62,offline
SH-001,2026-09-24T15:45:00,22.12,47.2,3.59,idle
SH-009,2026-09-24T21:49:00,24.88,34.0,3.66,offline
SH-009,2026-09-24T00:52:00,16.14,39.9,3.64,offline
SH-008,2026-09-24T00:07:00,16.08,42.1,3.55,offline
SH-007,2026-09-24T00:07:00,22.82,41.6,3.52,online
SH-005,2026-09-24T03:45:00,21.98,40.7,3.56,idle
SH-006,2026-09-24T01:14:00,22.51,45.1,3.77,offline
SH-006,2026-09-24T19:40:00,20.61,40.7,3.49,idle
SH-002,2026-09-24T14:32:00,23.99,33.3,3.59,online
SH-001,2026-09-24T23:31:00,24.8,51.2,3.63,online
SH-003,2026-09-24T19:14:00,23.45,51.0,3.83,offline
SH-005,2026-09-24T23:06:00,21.22,51.7,3.55,online
SH-002,2026-09-24T05:43:00,15.68,32.7,3.74,online
SH-002,2026-09-24T06:54:00,24.31,47.4,3.78,offline
SH-009,2026-09-24T20:23:00,25.67,50.4,3.59,online
SH-004,2026-09-24T05:52:00,23.93,36.8,3.57,offline
SH-006,2026-09-24T01:22:00,19.36,45.1,3.55,idle
SH-006,2026-09-24T16:03:00,24.02,44.1,3.56,offline
SH-008,2026-09-24T19:13:00,24.58,59.7,3.73,idle
SH-008,2026-09-24T23:14:00,26.68,60.4,3.63,offline
SH-003,2026-09-24T22:16:00,19.37,31.7,3.64,offline
SH-009,2026-09-24T02:53:00,21.32,65.0,3.43,online
SH-004,2026-09-24T18:31:00,24.24,37.7,3.45,offline
SH-009,2026-09-24T20:18:00,22.17,52.8,3.92,offline
SH-005,2026-09-24T16:45:00,18.65,52.8,3.57,online
SH-002,2026-09-24T19:40:00,23.24,37.0,3.48,online
SH-008,2026-09-24T20:06:00,23.74,48.9,3.81,online
SH-001,2026-09-24T10:43:00,22.26,44.1,3.64,online
SH-008,2026-09-24T00:57:00,22.66,49.4,3.69,idle
SH-001,2026-09-24T10:56:00,21.22,46.8,3.58,offline
SH-003,2026-09-24T04:50:00,26.43,54.6,3.55,idle
SH-007,2026-09-24T02:43:00,19.3,45.6,3.57,online
SH-010,2026-09-24T02:59:00,20.24,43.7,3.39,idle
SH-005,2026-09-24T16:44:00,22.03,53.8,3.59,online
SH-002,2026-09-24T12:06:00,24.64,49.6,3.64,offline
SH-003,2026-09-24T12:57:00,17.51,50.9,3.88,online
SH-009,2026-09-24T17:53:00,18.07,39.7,3.61,offline
SH-008,2026-09-24T13:09:00,15.89,36.6,3.25,idle
SH-002,2026-09-24T15:07:00,22.1,40.5,3.59,online
SH-004,2026-09-24T02:03:00,18.65,40.0,4.01,offline
SH-003,2026-09-24T20:25:00,20.85,51.3,3.73,idle
SH-002,2026-09-24T10:46:00,23.98,52.8,3.48,offline
SH-009,2026-09-24T03:43:00,20.08,43.8,3.69,idle
SH-007,2026-09-24T19:31:00,22.69,56.4,3.49,offline
SH-002,2026-09-24T17:37:00,21.1,55.9,3.4,idle
SH-007,2026-09-24T01:16:00,24.02,46.9,3.55,online
SH-005,2026-09-24T04:37:00,23.43,38.4,3.61,online
SH-001,2026-09-24T00:22:00,19.92,57.6,3.32,idle
SH-005,2026-09-24T06:29:00,21.49,44.5,3.43,idle
SH-002,2026-09-24T02:23:00,25.13,46.0,3.6,offline
SH-003,2026-09-24T17:02:00,23.18,42.3,3.54,idle
SH-009,2026-09-24T12:32:00,17.81,37.9,3.66,offline
SH-008,2026-09-24T23:31:00,23.97,33.3,3.42,online
SH-002,2026-09-24T17:59:00,18.75,50.1,3.71,idle
SH-009,2026-09-24T14:40:00,26.24,38.7,3.42,offline
SH-006,2026-09-24T12:13:00,25.07,69.5,3.85,online
SH-009,2026-09-24T01:18:00,22.87,36.3,3.34,online
SH-008,2026-09-24T01:41:00,22.47,34.9,3.44,offline
SH-004,2026-09-24T14:47:00,21.37,49.1,3.66,idle
SH-006,2026-09-24T00:06:00,24.04,57.2,3.85,offline
SH-006,2026-09-24T01:00:00,20.89,45.5,3.65,idle
SH-008,2026-09-24T05:15:00,22.71,49.6,3.68,offline
SH-003,2026-09-24T21:13:00,24.62,30.3,3.6,offline
SH-004,2026-09-24T11:00:00,20.31,39.6,3.45,offline
SH-003,2026-09-24T17:01:00,20.15,36.4,3.53,online
SH-003,2026-09-24T09:52:00,18.42,29.8,3.42,idle
SH-002,2026-09-24T04:09:00,18.81,45.9,3.41,online
SH-001,2026-09-24T08:54:00,16.51,27.1,3.66,online
SH-010,2026-09-24T02:12:00,24.19,34.4,3.43,online
SH-001,2026-09-24T18:29:00,27.43,40.7,3.65,idle
SH-009,2026-09-24T04:24:00,26.28,38.3,3.4,idle
SH-001,2026-09-24T09:01:00,17.12,48.2,3.64,offline
SH-008,2026-09-24T23:31:00,24.17,47.4,3.53,online
SH-004,2026-09-24T14:12:00,26.27,52.2,3.81,idle
SH-006,2026-09-24T11:00:00,20.63,51.0,3.65,offline
SH-003,2026-09-24T13:01:00,22.3,54.1,3.79,offline
SH-005,2026-09-24T18:49:00,15.98,45.0,3.49,online
SH-005,2026-09-24T06:06:00,22.8,47.4,3.61,offline
SH-006,2026-09-24T15:16:00,18.81,49.1,3.45,online
SH-004,2026-09-24T20:56:00,22.6,46.1,3.54,idle
SH-006,2026-09-24T13:44:00,17.32,41.8,3.56,idle
SH-009,2026-09-24T10:43:00,23.63,42.3,3.49,offline
SH-005,2026-09-24T03:28:00,25.07,38.5,3.42,offline
SH-004,2026-09-24T05:57:00,19.65,48.4,3.39,offline
SH-002,2026-09-24T22:42:00,18.59,44.2,3.25,offline
SH-004,2026-09-24T12:59:00,15.53,39.7,3.44,idle
SH-002,2026-09-24T07:13:00,21.2,39.7,3.69,offline
SH-002,2026-09-24T10:02:00,20.26,35.3,3.36,online
SH-010,2026-09-24T13:52:00,17.35,52.8,3.39,idle
SH-001,2026-09-24T12:54:00,23.36,45.6,3.87,online
SH-005,2026-09-24T16:47:00,20.65,38.1,3.5,offline
SH-009,2026-09-24T06:10:00,18.77,51.5,3.65,offline
SH-010,2026-09-24T15:34:00,20.34,40.5,3.7,offline
SH-002,2026-09-24T10:37:00,25.21,33.7,3.7,offline
SH-002,2026-09-24T22:34:00,23.81,53.2,3.37,online
SH-004,2026-09-24T03:47:00,21.61,40.7,3.57,offline
SH-006,2026-09-24T03:33:00,23.86,41.7,3.36,idle
SH-010,2026-09-24T11:04:00,18.52,45.3,3.97,offline
SH-003,2026-09-24T12:12:00,22.1,54.1,3.36,offline
SH-002,2026-09-24T16:34:00,22.44,45.2,3.44,idle
SH-003,2026-09-24T09:41:00,20.59,35.4,3.44,online
SH-009,2026-09-24T21:55:00,23.31,49.4,3.38,idle
SH-001,2026-09-24T11:22:00,19.66,41.1,3.8,idle
SH-004,2026-09-24T03:06:00,23.53,60.1,3.96,offline
SH-002,2026-09-24T02:51:00,23.66,45.0,3.53,idle
SH-002,2026-09-24T23:21:00,13.25,27.1,3.4,idle
SH-010,2026-09-24T03:13:00,25.57,47.9,3.26,idle
SH-001,2026-09-24T22:44:00,12.86,60.6,3.56,online
SH-004,2026-09-24T06:40:00,20.15,57.6,3.55,online
SH-010,2026-09-24T02:14:00,25.08,59.6,3.5,online
SH-007,2026-09-24T07:18:00,21.05,36.8,3.63,idle
SH-001,2026-09-24T14:45:00,17.6,52.3,3.66,idle
SH-005,2026-09-24T10:16:00,18.72,39.2,3.65,offline
SH-010,2026-09-24T18:51:00,25.08,46.8,3.55,offline
SH-005,2026-09-24T14:39:00,16.24,34.8,3.43,online
SH-006,2026-09-24T09:37:00,25.39,39.8,3.7,online
SH-006,2026-09-24T15:13:00,21.83,39.6,3.6,idle
SH-007,2026-09-24T23:18:00,18.42,52.2,3.73,offline
SH-002,2026-09-24T09:53:00,20.25,51.4,3.72,online
SH-009,2026-09-24T03:40:00,18.95,47.2,3.39,online
SH-010,2026-09-24T09:48:00,24.6,34.2,3.38,online
SH-002,2026-09-24T20:09:00,24.2,42.5,3.49,idle
SH-009,2026-09-24T05:13:00,16.84,39.0,3.44,offline
SH-009,2026-09-24T22:46:00,20.79,52.0,3.71,offline
SH-008,2026-09-24T14:07:00,19.41,54.4,3.65,idle
SH-004,2026-09-24T14:26:00,25.88,53.5,3.76,online
SH-005,2026-09-24T07:36:00,17.95,39.0,3.66,idle
SH-009,2026-09-24T22:05:00,26.81,23.1,3.63,idle
SH-002,2026-09-24T00:51:00,21.9,30.9,3.78,online
SH-009,2026-09-24T07:10:00,18.51,56.4,3.67,offline
SH-010,2026-09-24T10:02:00,19.97,41.8,3.61,offline
SH-007,2026-09-24T11:27:00,19.6,39.0,3.82,online
SH-004,2026-09-24T11:22:00,18.18,58.1,3.62,online
SH-006,2026-09-24T03:33:00,22.28,55.1,3.55,online
SH-001,2026-09-24T05:24:00,18.32,45.2,3.47,offline
SH-010,2026-09-24T02:17:00,15.46,42.7,3.71,idle
SH-004,2026-09-24T13:44:00,20.86,43.9,3.79,online
SH-001,2026-09-24T08:25:00,16.59,46.8,3.59,online
SH-008,2026-09-24T13:34:00,19.74,57.8,3.8,online
SH-007,2026-09-24T14:09:00,19.27,48.4,3.3,idle
SH-007,2026-09-24T16:50:00,19.39,50.8,3.59,offline
SH-001,2026-09-24T13:07:00,28.0,54.4,3.59,online
SH-008,2026-09-24T15:33:00,22.17,35.6,3.49,online
SH-007,2026-09-24T14:05:00,22.74,51.0,3.96,idle
SH-008,2026-09-24T15:39:00,16.67,42.6,3.59,offline
SH-009,2026-09-24T14:47:00,20.04,24.9,3.54,idle
SH-003,2026-09-24T07:35:00,22.65,28.0,3.6,online
SH-003,2026-09-24T05:54:00,18.93,36.9,3.3,online
SH-010,2026-09-24T18:53:00,24.72,49.2,3.49,offline
SH-006,2026-09-24T08:13:00,18.39,45.9,3.75,offline
SH-005,2026-09-24T13:10:00,21.14,46.5,3.51,offline
SH-003,2026-09-24T04:43:00,20.24,60.6,3.48,idle
SH-007,2026-09-24T10:21:00,22.49,34.8,3.8,offline
SH-008,2026-09-24T12:42:00,20.08,44.8,3.8,idle
SH-001,2026-09-24T15:01:00,21.19,47.4,3.68,online
SH-006,2026-09-24T12:37:00,21.29,39.1,3.53,idle
SH-010,2026-09-24T08:39:00,19.8,45.2,3.56,offline
SH-003,2026-09-24T23:04:00,23.46,32.2,3.48,idle
SH-003,2026-09-24T12:18:00,22.72,56.3,3.45,offline
